SUSPENDED URL,REDIRECT URL
https://www.gabpproperty.com/cps3368.html ,https://www.gabpproperty.com/cps794.html 
https://www.gabpproperty.com/rcps5522cv.html,https://www.gabpproperty.com/rcps5526cv.html 
https://www.gabpproperty.com/cps2015.html ,https://www.gabpproperty.com/cps794.html 
https://www.gabpproperty.com/fp18awt.html,https://www.gabpproperty.com/rfp18.html
https://www.flagsgalore.com/fpawt.html,https://www.flagsgalore.com/steel-flagpoles-fp.html
https://www.gabpproperty.com/fl4red.html,https://www.gabpproperty.com/chspcl.html
https://www.gabpproperty.com/p80.html,https://www.gabpproperty.com/balloon-accessories.html?product_list_limit=all
https://www.gabpproperty.com/p81.html,https://www.gabpproperty.com/balloon-accessories.html?product_list_limit=all
https://www.discountpropertysupplies.com/pd162vr.html,https://www.discountpropertysupplies.com/pd141.html
https://www.gabpproperty.com/vfld90.html,https://www.gabpproperty.com/vfl798.html
https://www.gabpproperty.com/bana830.html,https://www.gabpproperty.com/bana658.html
https://www.gabpproperty.com/bana712.html,https://www.gabpproperty.com/bana657.html
https://www.gabpproperty.com/bana815.html,https://www.gabpproperty.com/bana604.html
https://www.gabpproperty.com/cps5133.html ,https://www.gabpproperty.com/cps3415.html 
https://www.gabpproperty.com/cps5129.html ,https://www.gabpproperty.com/cps3415.html 
https://www.gabpproperty.com/rcps5151.html ,https://www.gabpproperty.com/cps3415.html 
https://www.gabpproperty.com/ffk173.html ,https://www.gabpproperty.com/ffk373.html
https://www.gabpproperty.com/ff173.html ,https://www.gabpproperty.com/ffk373.html
https://www.gabpproperty.com/rffk459.html ,https://www.gabpproperty.com/wfk176.html 
https://www.gabpproperty.com/rff459.html ,https://www.gabpproperty.com/wfk176.html 
https://www.gabpproperty.com/ffk473.html ,https://www.gabpproperty.com/rffdk37.html 
https://www.gabpproperty.com/ff473.html ,https://www.gabpproperty.com/rffdk37.html 
https://www.gabpproperty.com/432blu.html ,https://www.gabpproperty.com/435.html 
https://www.gabpproperty.com/mpt6.html ,https://www.gabpproperty.com/fpt6.html 
