https://www.gabpproperty.com/cps3368.html ,cps3368.html ,cps794.html 
https://www.gabpproperty.com/rcps5522cv.html,rcps5522cv.html,rcps5526cv.html 
https://www.gabpproperty.com/cps2015.html ,cps2015.html ,cps794.html 
https://www.gabpproperty.com/fp18awt.html,fp18awt.html,rfp18.html
https://www.flagsgalore.com/fpawt.html,fpawt.html,steel-flagpoles-fp.html
https://www.gabpproperty.com/fl4red.html,fl4red.html,chspcl.html
https://www.gabpproperty.com/p80.html,p80.html,balloon-accessories.html?product_list_limit=all
https://www.gabpproperty.com/p81.html,p81.html,balloon-accessories.html?product_list_limit=all
https://www.discountpropertysupplies.com/pd162vr.html,pd162vr.html,pd141.html
https://www.gabpproperty.com/vfld90.html,vfld90.html,vfl798.html
https://www.gabpproperty.com/bana830.html,bana830.html,bana658.html
https://www.gabpproperty.com/bana712.html,bana712.html,bana657.html
https://www.gabpproperty.com/bana815.html,bana815.html,bana604.html
https://www.gabpproperty.com/cps5133.html ,cps5133.html ,cps3415.html 
https://www.gabpproperty.com/cps5129.html ,cps5129.html ,cps3415.html 
https://www.gabpproperty.com/rcps5151.html ,rcps5151.html ,cps3415.html 
https://www.gabpproperty.com/ffk173.html ,ffk173.html ,ffk373.html
https://www.gabpproperty.com/ff173.html ,ff173.html ,ffk373.html
https://www.gabpproperty.com/rffk459.html ,rffk459.html ,wfk176.html 
https://www.gabpproperty.com/rff459.html ,rff459.html ,wfk176.html 
https://www.gabpproperty.com/ffk473.html ,ffk473.html ,rffdk37.html 
https://www.gabpproperty.com/ff473.html ,ff473.html ,rffdk37.html 
https://www.gabpproperty.com/432blu.html ,432blu.html ,435.html 
https://www.gabpproperty.com/mpt6.html ,mpt6.html ,fpt6.html 
