https://www.gabpproperty.com/interior-signs-1.html?product_list_limit=all,interior-signs-1.html,interior-signs.html
https://www.gabpproperty.com/parking-violation-books-1.html?product_list_limit=all,parking-violation-books-1.html,parking-violation-books.html
https://www.gabpproperty.com/restroom-signs-1.html?product_list_limit=all,restroom-signs-1.html,restroom-signs.html
https://www.gabpproperty.com/temporary-permits-1.html?product_list_limit=all,temporary-permits-1.html,temporary-permits.html
https://www.gabpproperty.com/signs-1/interior-signs-1/desktop-signs-1.html?product_list_limit=all,desktop-signs-1.html,desktop-signs.html
https://www.gabpproperty.com/fall-wave-flag-kits-1.html?product_list_limit=all,fall-wave-flag-kits-1.html,fall-wave-flag-kits.html
https://www.gabpproperty.com/vertical-wave-panel-flags-1.html?product_list_limit=all,vertical-wave-panel-flags-1.html,vertical-wave-panel-flags.html
https://www.gabpproperty.com/holiday-cards-1.html?product_list_limit=all,holiday-cards-1.html,holiday-cards.html
https://www.gabpproperty.com/signs-1.html?product_list_limit=all,signs-1.html,signs.html
https://www.gabpproperty.com/vertical-striped-flags-1.html?product_list_limit=all,vertical-striped-flags-1.html,vertical-striped-flags.html
https://www.gabpproperty.com/inside-adhesive-permits-1.html?product_list_limit=all,inside-adhesive-permits-1.html,inside-adhesive-permits.html
https://www.gabpproperty.com/winter-horizontal-flags-1.html?product_list_limit=all,winter-horizontal-flags-1.html,winter-horizontal-flags.html
https://www.gabpproperty.com/winter-banners-1.html?product_list_limit=all,winter-banners-1.html,winter-banners.html
https://www.gabpproperty.com/rent-collection-1.html?product_list_limit=all,rent-collection-1.html,rent-collection.html
https://www.gabpproperty.com/spring-summer-flags-1.html?product_list_limit=all,spring-summer-flags-1.html,spring-summer-flags.html
https://www.gabpproperty.com/fall-horizontal-flags-1.html?product_list_limit=all,fall-horizontal-flags-1.html,fall-horizontal-flags.html
https://www.gabpproperty.com/spring-and-summer-kits-1.html?product_list_limit=all,spring-and-summer-kits-1.html,spring-and-summer-kits.html
https://www.gabpproperty.com/pet-rule-signs-1.html?product_list_limit=all,pet-rule-signs-1.html,pet-rule-signs.html
https://www.gabpproperty.com/be-right-back-signs-1.html?product_list_limit=all,be-right-back-signs-1.html,be-right-back-signs.html
https://www.gabpproperty.com/static-cling-permits-1.html?product_list_limit=all,static-cling-permits-1.html,static-cling-permits.html
https://www.gabpproperty.com/fall-banners-1.html?product_list_limit=all,fall-banners-1.html,fall-banners.html
https://www.gabpproperty.com/fair-housing-signs-2.html?product_list_limit=all,fair-housing-signs-2.html,fair-housing-signs.html
https://www.gabpproperty.com/move-in-gifts-2.html?product_list_limit=all,move-in-gifts-2.html,move-in-gifts.html
https://www.gabpproperty.com/spring-horizontal-flags-2.html?product_list_limit=all,spring-horizontal-flags-2.html,spring-horizontal-flags.html
https://www.gabpproperty.com/custom-bandit-signs-2.html?product_list_limit=all,custom-bandit-signs-2.html,custom-bandit-signs.html
https://www.gabpproperty.com/custom-flags-2.html?product_list_limit=all,custom-flags-2.html,custom-flags.html
https://www.gabpproperty.com/custom-parking-tags-2.html?product_list_limit=all,custom-parking-tags-2.html,custom-parking-tags.html
https://www.gabpproperty.com/custom-horizontal-flags-2.html?product_list_limit=all,custom-horizontal-flags-2.html,custom-horizontal-flags.html
https://www.gabpproperty.com/american-flags-2.html?product_list_limit=all,american-flags-2.html,american-flags.html
https://www.gabpproperty.com/custom-parking-permits-2.html?product_list_limit=all,custom-parking-permits-2.html,custom-parking-permits.html
https://www.gabpproperty.com/spring-summer-signs-2.html?product_list_limit=all,spring-summer-signs-2.html,spring-summer-signs.html
https://www.gabpproperty.com/information-signs-2.html?product_list_limit=all,information-signs-2.html,information-signs.html
https://www.gabpproperty.com/custom-wave-flag-kits-2.html?product_list_limit=all,custom-wave-flag-kits-2.html,custom-wave-flag-kits.html
https://www.gabpproperty.com/windless-3d-kits-3.html?product_list_limit=all,windless-3.html,windless.html
https://www.gabpproperty.com/vertical-diagonal-flags-3.html?product_list_limit=all,vertical-diagonal-flags-3.html,vertical-diagonal-flags.html
https://www.gabpproperty.com/windless-flag-kits-3.html?product_list_limit=all,windless-flag-kits-3.html,windless-flag-kits.html
https://www.gabpproperty.com/vertical-flags-3.html?product_list_limit=all,vertical-flags-3.html,vertical-flags.html
https://www.gabpproperty.com/sign-frames-3.html?product_list_limit=all,sign-frames-3.html,sign-frames.html
https://www.gabpproperty.com/door-hanger-bags-3.html?product_list_limit=all,door-hanger-bags-3.html,door-hanger-bags.html
https://www.gabpproperty.com/autumn-bandit-signs-3.html?product_list_limit=all,autumn-bandit-signs-3.html,autumn-bandit-signs.html
https://www.gabpproperty.com/vertical-swirl-flags-3.html?product_list_limit=all,vertical-swirl-flags-3.html,vertical-swirl-flags.html
https://www.gabpproperty.com/bandit-marketing-kits-3.html?product_list_limit=all,bandit-marketing-kits-3.html,bandit-marketing-kits.html
https://www.gabpproperty.com/pool-starter-kits-3.html?product_list_limit=all,pool-starter-kits-3.html,pool-starter-kits.html
https://www.gabpproperty.com/vertical-panel-flags-3.html?product_list_limit=all,vertical-panel-flags-3.html,vertical-panel-flags.html
https://www.gabpproperty.com/bandit-signs-3.html?product_list_limit=all,bandit-signs-3.html,bandit-signs.html
https://www.gabpproperty.com/winter-bandit-signs-4.html?product_list_limit=all,winter-bandit-signs-4.html,winter-bandit-signs.html
https://www.gabpproperty.com/3d-vertical-flags-4.html?product_list_limit=all,3.html,3d-vertical-flags-4.html?product_list_limit=al.html
https://www.gabpproperty.com/freeze-warning-products-4.html?product_list_limit=all,freeze-warning-products-4.html,freeze-warning-products.html
https://www.gabpproperty.com/panel-wave-flag-kits-5.html?product_list_limit=all,panel-wave-flag-kits-5.html,panel-wave-flag-kits.html
https://www.gabpproperty.com/3d-wave-flag-kits-6.html?product_list_limit=all,3.html,3d-wave-flag-kits-6.html?product_list_limit=al.html
